checkpoint_id,family,variant,city,availability,ablation,checkpoint_bytes,index_bytes,data_bytes,checkpoint_sha256,index_sha256,data_sha256
ablation/results_ablation_cd/no_enhanced_state/avail_100,pgfa,pgfa,CD,100,no_enhanced_state,97,1152,409551,bcc6aadd12982a2adf1059436e2b57c912241e04b09a627090b7c410a56fc076,22905ac45e0eadb530fb3f788a86784d8e5f13e811b5d57e1dff86b553f078fe,d4bf8b2dd39dbd0c58de478d634a0efb0b16cc8f30f06e3d8dab87c303ac8507
ablation/results_ablation_cd/no_enhanced_state/avail_33,pgfa,pgfa,CD,33,no_enhanced_state,97,1152,409551,bcc6aadd12982a2adf1059436e2b57c912241e04b09a627090b7c410a56fc076,d7025361f8687d37f80667c4644584164bcae8a0a4dfebb8b3435255c875ab18,4f6debe6152dcf1a47b77c8c84f295f186d4c5e9178dfb6be6b2a7953dcbf408
ablation/results_ablation_cd/no_enhanced_state/avail_66,pgfa,pgfa,CD,66,no_enhanced_state,97,1152,409551,bcc6aadd12982a2adf1059436e2b57c912241e04b09a627090b7c410a56fc076,03b4c4b65c6998304d30dbebc01a02a18540b89a43045990825db35d0379ea58,67bb8e79a4bb55fd111e1301c3393a294c0079d60c5cdf1cd1c5211e07d54f50
ablation/results_ablation_cd/no_flow_aware_attention/avail_100,pgfa,pgfa,CD,100,no_flow_aware_attention,97,1152,409551,bcc6aadd12982a2adf1059436e2b57c912241e04b09a627090b7c410a56fc076,8f77dabbdfff0e80fd913bb3e6c10ced5beb77498d6d62ba80fbe55843e8ca1f,0668f539f4b49a8a324b9d49ca68182b209224cc01f3c0dc3441cc65788770b1
ablation/results_ablation_cd/no_flow_aware_attention/avail_33,pgfa,pgfa,CD,33,no_flow_aware_attention,97,1152,409551,bcc6aadd12982a2adf1059436e2b57c912241e04b09a627090b7c410a56fc076,8ae6507226e3d2a7546928b16cf4db7d50c7a67c0d7a66917d99a2fd6afe7e71,23bb4288bdbdb3a31b84010a9399900c90b24545c345e526b0745291dd1481db
ablation/results_ablation_cd/no_flow_aware_attention/avail_66,pgfa,pgfa,CD,66,no_flow_aware_attention,97,1152,409551,bcc6aadd12982a2adf1059436e2b57c912241e04b09a627090b7c410a56fc076,a3fd1a6cbe612d65184fd3af5c339c672d0db340a5a33e324ca250737b71bfeb,b056d5fe1ed0a24f7c740663f75b0e549f90804b017851e9ea08180a26de045b
ablation/results_ablation_cd/no_policy_flow_prior/avail_100,pgfa,pgfa,CD,100,no_policy_flow_prior,97,1152,409551,bcc6aadd12982a2adf1059436e2b57c912241e04b09a627090b7c410a56fc076,b14615525132b43db6e306a7072da3506d84cc4d127e8ec449965e6f074d82cb,8bc38cc01425b84f837e6ff976c8e8a278df78c51098344078ed2bfc81d97450
ablation/results_ablation_cd/no_policy_flow_prior/avail_33,pgfa,pgfa,CD,33,no_policy_flow_prior,97,1152,409551,bcc6aadd12982a2adf1059436e2b57c912241e04b09a627090b7c410a56fc076,c8a9dcd5651976429a518ba395425ef90ff2f112223923e4ee523c18ae9f9168,152911f7883c66652013c15b45cbc1487e251d0a00ef8df541384221710ad16a
ablation/results_ablation_cd/no_policy_flow_prior/avail_66,pgfa,pgfa,CD,66,no_policy_flow_prior,97,1152,409551,bcc6aadd12982a2adf1059436e2b57c912241e04b09a627090b7c410a56fc076,3731cb71eb99eb781175c6635cabea35fadf54a559537bf18b7abe0d99d973f0,e90353705b70fd0c06e533550aec6daf5a2c8b3e18eb9e80224a37422ad5e214
ablation/results_ablation_cd/no_policy_guided_message/avail_100,pgfa,pgfa,CD,100,no_policy_guided_message,97,1152,409551,bcc6aadd12982a2adf1059436e2b57c912241e04b09a627090b7c410a56fc076,01c5628f76b6b3472abc986f36ad1047e9c2edcab77b505a093b59bc311ad06b,b5c0e71dbeb719604417439e898f7e96a500bfbec664e99e59389138f68b0d43
ablation/results_ablation_cd/no_policy_guided_message/avail_33,pgfa,pgfa,CD,33,no_policy_guided_message,97,1152,409551,bcc6aadd12982a2adf1059436e2b57c912241e04b09a627090b7c410a56fc076,66013447dfead8815d9f73dd17c5ac6be0f326490737ebf1c7b8866932dfd7a7,92569dc413c6f517bf1ec2731479879f67f04b73941eef54f4582da6ab586e58
ablation/results_ablation_cd/no_policy_guided_message/avail_66,pgfa,pgfa,CD,66,no_policy_guided_message,97,1152,409551,bcc6aadd12982a2adf1059436e2b57c912241e04b09a627090b7c410a56fc076,93efc99cb3bd21c57d5e5d0353186fe23c5b3086540b473fbe7c3e832f1ce935,9f287e0b21377fd6522fca93851a20f65d5a00953c9869e8d0ec8f743327a7bb
ablation/results_ablation_ny/full/avail_100,pgfa,pgfa,NY,100,full,97,1152,410063,bcc6aadd12982a2adf1059436e2b57c912241e04b09a627090b7c410a56fc076,48c2c0299dab2aac8a297cfcc5de13c9109ad96236a919e67843fac7da5658ea,3b495cb02534f8d2768a2d17662869a7610cfe4fb2dc0b0f7be1594af6c3d705
ablation/results_ablation_ny/full/avail_33,pgfa,pgfa,NY,33,full,97,1152,410063,bcc6aadd12982a2adf1059436e2b57c912241e04b09a627090b7c410a56fc076,7d267a0b57354badec26d227c7b29dda890ccd658dc203ecd0458328cbac3f81,490d7c4335aa4ce613506dfaa913b0333a5bb3acf0e0e346e5523c1ed1e6044c
ablation/results_ablation_ny/full/avail_66,pgfa,pgfa,NY,66,full,97,1152,410063,bcc6aadd12982a2adf1059436e2b57c912241e04b09a627090b7c410a56fc076,e74025a0ef5068d045a04a7e67709b501de6ef3f6d7abc6aaf7c78caa2a1ee3e,a3ebc69e05d5e023902f2fd54ccf718c3c60ee37a016678c4fc7bfc0df6eb770
ablation/results_ablation_ny/no_enhanced_state/avail_100,pgfa,pgfa,NY,100,no_enhanced_state,97,1152,410063,bcc6aadd12982a2adf1059436e2b57c912241e04b09a627090b7c410a56fc076,38db3ffb48ac0e52b10dc958e918a10b9941cfb94d87b25af30403ab310eefd7,570b5d7efdfcb7d04669d92dd05396b4c813d603c0fd4cfdc9de165869aba13f
ablation/results_ablation_ny/no_enhanced_state/avail_33,pgfa,pgfa,NY,33,no_enhanced_state,97,1152,410063,bcc6aadd12982a2adf1059436e2b57c912241e04b09a627090b7c410a56fc076,268bcdfd24cf40871ae06bcdb1e493bda2a716d1c16440d0b122a4e7b66bf6f2,890997983b9a916b38e21e89a25887c47b14be603073cac9aae292271aeb7bae
ablation/results_ablation_ny/no_enhanced_state/avail_66,pgfa,pgfa,NY,66,no_enhanced_state,97,1152,410063,bcc6aadd12982a2adf1059436e2b57c912241e04b09a627090b7c410a56fc076,73a72f54fbddc68be7153f16532252ac2843878c50d20972234dfccb49e5e46f,d36a88a357b77836591455eebae18aac669a0bcf250826bc763eba1013a366df
ablation/results_ablation_ny/no_flow_aware_attention/avail_100,pgfa,pgfa,NY,100,no_flow_aware_attention,97,1152,410063,bcc6aadd12982a2adf1059436e2b57c912241e04b09a627090b7c410a56fc076,10b08784e82e1acdd47c3a94d7fdf3635f78ea2a6c0534b4b9ef84407cfd6e00,5a5cc1f3dd53b1ae9700f06b2efc0c2d5c7ccb8de3ec008e8631b71a88960f7c
ablation/results_ablation_ny/no_flow_aware_attention/avail_33,pgfa,pgfa,NY,33,no_flow_aware_attention,97,1152,410063,bcc6aadd12982a2adf1059436e2b57c912241e04b09a627090b7c410a56fc076,dc75a490fce70bc4fbf493317dcfa0cd2b841f96ae0dfa11c40a456fc7978119,b8900621ccbe67f25d5ac07162cd56a6d86dcaf3e2556167fb1f17eaa485a83a
ablation/results_ablation_ny/no_flow_aware_attention/avail_66,pgfa,pgfa,NY,66,no_flow_aware_attention,97,1152,410063,bcc6aadd12982a2adf1059436e2b57c912241e04b09a627090b7c410a56fc076,59b40e05c798bb72f31037e48db31576bb0b87f0b3a6f0fbe325bcc814314b7f,35c3e060032dd7b42e5c11da65630a8d5bf796b8a53f0a92dbb81cccb25b93d0
ablation/results_ablation_ny/no_policy_flow_prior/avail_100,pgfa,pgfa,NY,100,no_policy_flow_prior,97,1152,410063,bcc6aadd12982a2adf1059436e2b57c912241e04b09a627090b7c410a56fc076,8673e01c6b7c0ce3c97fa1898e698d4bcc9835b3aabc1e75534f856bb0708e43,7030dea8b35e05fdf6e83ba8579b578e7a60409f4da0cf736d46120ff7301351
ablation/results_ablation_ny/no_policy_flow_prior/avail_100_old_20260708_215244,pgfa,pgfa,NY,100,no_policy_flow_prior,97,1152,410063,bcc6aadd12982a2adf1059436e2b57c912241e04b09a627090b7c410a56fc076,6791a3dbe319b81172e4c2c9cfb903d85c385524366daec39c6fe43c1ba8dd57,547361e411bf852791cfbf0e675864570211a9738f25f22bb0cb5dc659e27587
ablation/results_ablation_ny/no_policy_flow_prior/avail_33,pgfa,pgfa,NY,33,no_policy_flow_prior,97,1152,410063,bcc6aadd12982a2adf1059436e2b57c912241e04b09a627090b7c410a56fc076,f6ac39af6e2dd096c2f1bcea89c6fe7805f1c5472d71811f5ea3317bd386e6d0,75d3c719d924a6a893c7ae5ef54c010cd45ed95a6166f19260d9478c6aa3fd45
ablation/results_ablation_ny/no_policy_flow_prior/avail_66,pgfa,pgfa,NY,66,no_policy_flow_prior,97,1152,410063,bcc6aadd12982a2adf1059436e2b57c912241e04b09a627090b7c410a56fc076,99fe7b104d70b6cfc0be8ed0f16113663f565dc29b58de4b0f928a19d8f72b9d,3ede86d666d6d281d4445be2ac6dc51bc6836dcac8ca4af15c8fe73acfec92cf
ablation/results_ablation_ny/no_policy_guided_message/avail_100,pgfa,pgfa,NY,100,no_policy_guided_message,97,1152,410063,bcc6aadd12982a2adf1059436e2b57c912241e04b09a627090b7c410a56fc076,f0dd69754a092aeafa3d3c60465d22db613d5156e4ae954262793752431835f6,b6bc6953f0aeab9e9634c821d1543427d9850350c5568603014ebe767e7e356d
ablation/results_ablation_ny/no_policy_guided_message/avail_33,pgfa,pgfa,NY,33,no_policy_guided_message,97,1152,410063,bcc6aadd12982a2adf1059436e2b57c912241e04b09a627090b7c410a56fc076,006873f70805d833b4f68c15427b677b0b40f7572e44dc25875b601ec2a2a648,42f1f4d86f58445c062506fe95d970bd575076596ecd88d0030459849ab4072c
ablation/results_ablation_ny/no_policy_guided_message/avail_66,pgfa,pgfa,NY,66,no_policy_guided_message,97,1152,410063,bcc6aadd12982a2adf1059436e2b57c912241e04b09a627090b7c410a56fc076,8415983843798bf4e813d005016732a0f767dc6da1224bbb300de856fd370929,ce02424da947a75da71864d6afa0ebc5dc044de5092af84da76602eb78e8e452
CD/results_pgfa_rl_100,pgfa,pgfa,CD,100,full,97,1152,409551,bcc6aadd12982a2adf1059436e2b57c912241e04b09a627090b7c410a56fc076,cbf90ed228f45c0976681e27bb4b9f744c3260bc75a5f4558855a0938ecbada0,80bddea92be47cd4453010cd78836104a8987005c400953d98015c85f76d742d
CD/results_pgfa_rl_33,pgfa,pgfa,CD,33,full,97,1152,409551,bcc6aadd12982a2adf1059436e2b57c912241e04b09a627090b7c410a56fc076,d3675272839fd835e895e9eb9080a3e915d5f4460e66a4dd286c2fbfbe4ec762,4dd71c5713736ad416c820f248fb6d3ab18fe408a579932a7dcca6c8286f9418
CD/results_pgfa_rl_66,pgfa,pgfa,CD,66,full,97,1152,409551,bcc6aadd12982a2adf1059436e2b57c912241e04b09a627090b7c410a56fc076,f9b96269b977390daf91fd245bf13fbb625e9c5ed03076e23f15900a6954b073,e4e0eeb7f096b1bac4c5e673856dc070c461a2b95dd23fcd10ddeb9ab27ca9f8
Duibi_CD/DigitalTwin_D3QN/CD/avail_100,baseline,dt_d3qn,CD,100,full,97,1655,679758,bcc6aadd12982a2adf1059436e2b57c912241e04b09a627090b7c410a56fc076,1f23c81b3de75ffd25428836d70398460f4d623955ec9edd1873c92504ebc304,f04dc5da00a80fbc8084644547e7da3f6ffc0568d51074855b2c4c1fe1d9957a
Duibi_CD/DigitalTwin_D3QN/CD/avail_33,baseline,dt_d3qn,CD,33,full,97,1655,679758,bcc6aadd12982a2adf1059436e2b57c912241e04b09a627090b7c410a56fc076,3cd4f23df30b062d2868e8bf0c46d35d52766d77374043b79c5961f49199a584,b19a57c5eb1f2299159c4d15f461ab1862c172f07f8d18f1d22cf5e60feb3998
Duibi_CD/DigitalTwin_D3QN/CD/avail_66,baseline,dt_d3qn,CD,66,full,97,1655,679758,bcc6aadd12982a2adf1059436e2b57c912241e04b09a627090b7c410a56fc076,2ea1e3d7acb318ed4aad74f3b0355b018c5f422e6766b70472ce9e7850fe24e3,ee9c9cf6625605f89e27214c15f3a24c8399eb55972475e49f31a5d60c2c692b
Duibi_CD/EdgeAware_GAT/CD/avail_100,baseline,edge_aware_gat,CD,100,full,97,1346,677626,bcc6aadd12982a2adf1059436e2b57c912241e04b09a627090b7c410a56fc076,f309ef198005e4e5e829bf60f26eaa57f93425d91758adc55b27575a083412f9,84604d25fe484d65975e24246974c05104b48cb80f3aa47147fc3cfc9402374f
Duibi_CD/EdgeAware_GAT/CD/avail_33,baseline,edge_aware_gat,CD,33,full,97,1346,677626,bcc6aadd12982a2adf1059436e2b57c912241e04b09a627090b7c410a56fc076,e3a9c411f0c2e1c0e74c67d56ce7e7ca825a90b74076a684f1df7084e426f93e,6eb6ea7c4d1cb98bfeb98eaa689b97024fb06c3e32d8b6acbbede9ab7d145cb3
Duibi_CD/EdgeAware_GAT/CD/avail_66,baseline,edge_aware_gat,CD,66,full,97,1346,677626,bcc6aadd12982a2adf1059436e2b57c912241e04b09a627090b7c410a56fc076,9ae7024aa90107431807a392ce6b41b4d08f336ba23fe9aa7f23973653131872,c960781e11516f8709cf6db24e81dc01e458c9a026f00c55a0ef73d33e208d4c
Duibi_CD/MM_STMAP/CD/avail_100,baseline,mm_stmap,CD,100,full,97,2680,648449,bcc6aadd12982a2adf1059436e2b57c912241e04b09a627090b7c410a56fc076,0bf1f0077ecfdd6237733c85e65dfd9860d8ca9ba7929ef892805a689988e730,9efc4d85d56e460a28db6670fbcecb48569937e3ebca01583e337f54a3a1f689
Duibi_CD/MM_STMAP/CD/avail_33,baseline,mm_stmap,CD,33,full,97,2680,648449,bcc6aadd12982a2adf1059436e2b57c912241e04b09a627090b7c410a56fc076,9614ea2a9038514fe2c11ccfc7534ebf880b834d3244b17c38de8f362d03ede0,ef1da13f200719acb01839d546c4e12349514eea8f023c0d121c57bb7b667eab
Duibi_CD/MM_STMAP/CD/avail_66,baseline,mm_stmap,CD,66,full,97,2680,648449,bcc6aadd12982a2adf1059436e2b57c912241e04b09a627090b7c410a56fc076,e143cb29b73778addd59b4ff0c02afa26be0d4fb90fce65d6c22b1e58a239125,4bf0fd2a8048eaebb8e19466704555e7c7b4a35dd4dff902fc7cecee3d466b1a
Duibi_CD/MultiModal_STGCN/CD/avail_100,baseline,multimodal_stgcn,CD,100,full,97,1807,445664,bcc6aadd12982a2adf1059436e2b57c912241e04b09a627090b7c410a56fc076,aafeae53250dd4679963c9bd23cd5ee65cf58578252a204062af31ed23c2047c,388a63588eff52b4c49c7450424dcf51a93e6a0144e736c86cd04b7744a7fbbc
Duibi_CD/MultiModal_STGCN/CD/avail_33,baseline,multimodal_stgcn,CD,33,full,97,1807,445664,bcc6aadd12982a2adf1059436e2b57c912241e04b09a627090b7c410a56fc076,ea259d879f6c85c42cfa50d097818bf1ed8f505a39c0b2e974418652a83ed50a,5350ed8a772835555275d442c0a9c248d4005e76b0e4b44c15872c23381972f9
Duibi_CD/MultiModal_STGCN/CD/avail_66,baseline,multimodal_stgcn,CD,66,full,97,1807,445664,bcc6aadd12982a2adf1059436e2b57c912241e04b09a627090b7c410a56fc076,d85570bc6945e3811d388d14167bc01c1d88e7cc0282d0ec9c7d5f799893d093,35f3319ccc5fcbdfe778aa373bc75762f7a1ce72bb3abd961bd99d5348ecce94
Duibi_CD/QoSQueue_DTSM/CD/avail_100,baseline,qos_queue_dtsm,CD,100,full,97,1270,350173,bcc6aadd12982a2adf1059436e2b57c912241e04b09a627090b7c410a56fc076,48b98493d2e18a813b445b5da81c9ceffb433bd691ccbb3b850fed329d280503,5a7a0cccff558c3ba3f481d59c1535a2ba262af3b8642b9b7546a0f0838f5904
Duibi_CD/QoSQueue_DTSM/CD/avail_33,baseline,qos_queue_dtsm,CD,33,full,97,1270,350173,bcc6aadd12982a2adf1059436e2b57c912241e04b09a627090b7c410a56fc076,7c82eb393fd78712556770283ddc61af2a97103ab72309a7d0ccdfff799faa5d,1ab2808f59e66a6f74d0c745fec4329bbf535ca5977d68aa381b5e3d93a05568
Duibi_CD/QoSQueue_DTSM/CD/avail_66,baseline,qos_queue_dtsm,CD,66,full,97,1270,350173,bcc6aadd12982a2adf1059436e2b57c912241e04b09a627090b7c410a56fc076,b763aa5b290b88221c1c4ad2bfdaf7ef85aae16f21379ee49d1392dad7c9f46c,d512adf9dff818eda252904565d231ffebb8049b316d85de49825fe315d9ab55
Duibi_CD/StructuralHeuristic_GNN/CD/avail_100,baseline,structural_heuristic,CD,100,full,97,1156,676853,bcc6aadd12982a2adf1059436e2b57c912241e04b09a627090b7c410a56fc076,4b55b8f1f220742db7ea601d2ba00434f3c8ecf744a77192451764bb7e73e7a6,78352456bea386f5c59be99adf5c710c9e200ec8cfb2177c852a017fd182e6e4
Duibi_CD/StructuralHeuristic_GNN/CD/avail_33,baseline,structural_heuristic,CD,33,full,97,1156,676853,bcc6aadd12982a2adf1059436e2b57c912241e04b09a627090b7c410a56fc076,d54244a021cd763062fc139fb3ac331c815b2c660a0eeff750ae208ae75161ed,236d5a0573b2dc7ef999123ecec1fc8f0c557c4011bd1b31fe2200b8ba286272
Duibi_CD/StructuralHeuristic_GNN/CD/avail_66,baseline,structural_heuristic,CD,66,full,97,1156,676853,bcc6aadd12982a2adf1059436e2b57c912241e04b09a627090b7c410a56fc076,a069cbfe38aa6fbe52fc78ceeec39ec39b0ee820f4186504a3202ab4564bbc58,30d4dd32cc1ef896b6aee29bca8410c2f4ff3cc58032cd629d32816db40b0249
Duibi_CD/WeightedLinearAttention_STGCN/CD/avail_100,baseline,wla_stgcn,CD,100,full,97,2413,450269,bcc6aadd12982a2adf1059436e2b57c912241e04b09a627090b7c410a56fc076,ab90e0aaaa6ef7bb4f5659ebd59726fc4a0481d7bff421dd993a9ab424764b52,454d6173cbff9fa383a5dc86b78d83cc6a3034cb45554afd11b5a9e2d7689784
Duibi_CD/WeightedLinearAttention_STGCN/CD/avail_33,baseline,wla_stgcn,CD,33,full,97,2413,450269,bcc6aadd12982a2adf1059436e2b57c912241e04b09a627090b7c410a56fc076,a3fa016833e53e29ff1fbbc40f6e433776eb6902fab3f8797b40fdb39bc50e05,d117d92a9e7976d696f9f569ce9db1dd88ea319b2fa2b1478dbc0a029041a16d
Duibi_CD/WeightedLinearAttention_STGCN/CD/avail_66,baseline,wla_stgcn,CD,66,full,97,2413,450269,bcc6aadd12982a2adf1059436e2b57c912241e04b09a627090b7c410a56fc076,e212f2ab6f9e33b0170c1b8c58d0cf6b78942bc43c5cc8b895ffb36a8840a77d,898ccc6383f5a17f2a2fb6fbfeffa3ede90c2c0ca749d004210697334adf4371
Duibi_NY/DigitalTwin_D3QN/NY/avail_100,baseline,dt_d3qn,NY,100,full,97,1655,680270,bcc6aadd12982a2adf1059436e2b57c912241e04b09a627090b7c410a56fc076,7a95b871a4181f3555e3e417685a8d41111950521ebff94f5484714d5ba114f1,c4694007da73997270c32a4b1df4f87f6d899ff0ed258bf1c56948bfed1cf1bc
Duibi_NY/DigitalTwin_D3QN/NY/avail_33,baseline,dt_d3qn,NY,33,full,97,1655,680270,bcc6aadd12982a2adf1059436e2b57c912241e04b09a627090b7c410a56fc076,6c25e373b6a2d836c7cf250069143d18d531e47f3d2d15c6611fb444afe74f5a,774ea3f67fe907f3b5ceb32abaecc691aa1aad7ca536cd7e0152bbd490c8621d
Duibi_NY/DigitalTwin_D3QN/NY/avail_66,baseline,dt_d3qn,NY,66,full,97,1655,680270,bcc6aadd12982a2adf1059436e2b57c912241e04b09a627090b7c410a56fc076,247aec4b6118aecf5fb803a4ef5e03dbcf14995b5675dc8fbf22777bbb1d45ed,50163a852bbaae34aa5c6d095448dbbf6762f33e26e407d36f17df74969a91a2
Duibi_NY/EdgeAware_GAT/NY/avail_100,baseline,edge_aware_gat,NY,100,full,97,1346,678138,bcc6aadd12982a2adf1059436e2b57c912241e04b09a627090b7c410a56fc076,8edc757aece7076f0c4872cccf20f294a4d5d03eef4bfa22b237c145a2cc9555,9f66b9fcb3f5d80048cf6955239b5096902cf2a7e789def15967e1425705ae8b
Duibi_NY/EdgeAware_GAT/NY/avail_33,baseline,edge_aware_gat,NY,33,full,97,1346,678138,bcc6aadd12982a2adf1059436e2b57c912241e04b09a627090b7c410a56fc076,04d4ac425754065d6c3b43c01e7a3b1cc289a7dd42c9b7f7fbb387bca0a14f3a,4b3bf29a3492673d485616390994d9745ec494afd7fb40005791ca90726abf0e
Duibi_NY/EdgeAware_GAT/NY/avail_66,baseline,edge_aware_gat,NY,66,full,97,1346,678138,bcc6aadd12982a2adf1059436e2b57c912241e04b09a627090b7c410a56fc076,27d8081c6aaf772d1fa4333c123f884342b1c5c7f71fa0e0dc3df6e980b0b30c,459282123d215fb9cb94eb6db210b93a4175168d3be7be18862c0f0da9cf2230
Duibi_NY/MM_STMAP/NY/avail_100,baseline,mm_stmap,NY,100,full,97,2680,649349,bcc6aadd12982a2adf1059436e2b57c912241e04b09a627090b7c410a56fc076,376e4d5be678bd9cc1f8c9d18537bdb1fcbd7dba6509b8687e415939557fba30,3dcd46d7ac99bbf419f71bb8074fe69da3f379dc82f2225e9850759f83f88e66
Duibi_NY/MM_STMAP/NY/avail_33,baseline,mm_stmap,NY,33,full,97,2680,649349,bcc6aadd12982a2adf1059436e2b57c912241e04b09a627090b7c410a56fc076,f2700081c8ac9cb0f8449462ff1137c7cd5d674673ea2819c34b91c187ddacb5,2ca97a3810f5382cc2b271d1dd3a73d9fe609d12ffc05cc732c1396dca7fd9a9
Duibi_NY/MM_STMAP/NY/avail_66,baseline,mm_stmap,NY,66,full,97,2680,649349,bcc6aadd12982a2adf1059436e2b57c912241e04b09a627090b7c410a56fc076,ba75818264aa606fafdd05d09704640475f9e599d8c981e02ff9349923054446,da054446e2d4ab1192621a25c488b26bba0603ebc1ba3b2d8550900af10979d6
Duibi_NY/MultiModal_STGCN/NY/avail_100,baseline,multimodal_stgcn,NY,100,full,97,1807,445920,bcc6aadd12982a2adf1059436e2b57c912241e04b09a627090b7c410a56fc076,4f89ab40d311df3afc4c1c5bb2be90da8650dc1895b4fc918f9e510c3f105ff0,c35d478e37203c84ee141970486ebe51926aa1ce96111787974db0a83cc6ef90
Duibi_NY/MultiModal_STGCN/NY/avail_33,baseline,multimodal_stgcn,NY,33,full,97,1807,445920,bcc6aadd12982a2adf1059436e2b57c912241e04b09a627090b7c410a56fc076,28e515af72a1fba6a5a379b372e4ffac067be0bc22870ef265811cfc9aa62df8,d695caffd73c91a8b96b2016d53f622a9615686c7ab3408b480a12740decaff1
Duibi_NY/MultiModal_STGCN/NY/avail_66,baseline,multimodal_stgcn,NY,66,full,97,1807,445920,bcc6aadd12982a2adf1059436e2b57c912241e04b09a627090b7c410a56fc076,2b4094ef657fec74a8dbffee848d0ba9e5ead1804ec86bf4f5d999601bbac961,bbef505798e1edf0036dee6707d0c9b2349678b164ab4cde736e005d1129841d
Duibi_NY/QoSQueue_DTSM/NY/avail_100,baseline,qos_queue_dtsm,NY,100,full,97,1270,350685,bcc6aadd12982a2adf1059436e2b57c912241e04b09a627090b7c410a56fc076,64ddc1c6dffc1846fb4a8f07428e5b12b42662f8c8244f9bc8a19c457af1d14b,0b3deda2e3f5cc66b42b3ce224847293e5cddf2acca7bf168e57cb7ca0da63d4
Duibi_NY/QoSQueue_DTSM/NY/avail_33,baseline,qos_queue_dtsm,NY,33,full,97,1270,350685,bcc6aadd12982a2adf1059436e2b57c912241e04b09a627090b7c410a56fc076,9d465792fb7ee5b15463954656016b7f00f526f4ee9a07fa386fc25686f089ba,ad6721256af47237f3fefae8f17b7a7f567d80d51719157fabf0a1cfdc54c77a
Duibi_NY/QoSQueue_DTSM/NY/avail_66,baseline,qos_queue_dtsm,NY,66,full,97,1270,350685,bcc6aadd12982a2adf1059436e2b57c912241e04b09a627090b7c410a56fc076,5500f8f582591600355fbc17f17745ebd7c3f61b70a125d6e6fc07613302d7a9,ca77192c747817dba27218012c33e4d1b0c57cd47efc67fabd7d3562599d1f29
Duibi_NY/StructuralHeuristic_GNN/NY/avail_100,baseline,structural_heuristic,NY,100,full,97,1156,677365,bcc6aadd12982a2adf1059436e2b57c912241e04b09a627090b7c410a56fc076,e29577903f182025e46ec75aa185ade858d60b1ca6228a8881f3a73b7b43d296,d81ac3a677820456e911d9bca54875f62e834454e9d58e97cc028385adbd7ad3
Duibi_NY/StructuralHeuristic_GNN/NY/avail_33,baseline,structural_heuristic,NY,33,full,97,1156,677365,bcc6aadd12982a2adf1059436e2b57c912241e04b09a627090b7c410a56fc076,23598feb940d4c3b91b73bd6a9ea32d00bc1ec34e63525bb40fabac861e4951d,ff46c0f4895ca1b5ef8c513a12444d531382fd0d1bdb26c461a8624289c11469
Duibi_NY/StructuralHeuristic_GNN/NY/avail_66,baseline,structural_heuristic,NY,66,full,97,1156,677365,bcc6aadd12982a2adf1059436e2b57c912241e04b09a627090b7c410a56fc076,baba0e510acc1efeaf8e7349b8a69d249b0905be3a41c557f2132f8ae4350fe2,23c5e799e455a6e28f5d968360aa28923a328b69c59ca949ac5d97f4120474ec
Duibi_NY/WeightedLinearAttention_STGCN/NY/avail_100,baseline,wla_stgcn,NY,100,full,97,2413,451169,bcc6aadd12982a2adf1059436e2b57c912241e04b09a627090b7c410a56fc076,f9d0e8a9a4ad0681e74c67042f0f3b09fcb0e0b0834d8f7011a48f5db116a8e3,26b6ceee044d637f641acd3be302c3a6809a043f693f07ece950acc5cac861cc
Duibi_NY/WeightedLinearAttention_STGCN/NY/avail_33,baseline,wla_stgcn,NY,33,full,97,2413,451169,bcc6aadd12982a2adf1059436e2b57c912241e04b09a627090b7c410a56fc076,fe5934171b594b9840a1d97dffbf2faa680bb718dc968a33d5ecd6e0781003aa,6d3beabc947213eee4b16f6191f88a3c013dc3a9997617b309b30d24a3eefbcf
Duibi_NY/WeightedLinearAttention_STGCN/NY/avail_66,baseline,wla_stgcn,NY,66,full,97,2413,451169,bcc6aadd12982a2adf1059436e2b57c912241e04b09a627090b7c410a56fc076,569d6092f64d7034be4bc61fda85f76eff61b564541b39c62178a3e1b12a1d98,d54907db084cab2a67172b6d97db9ec4562be8ac86f62cbfb0dd363b927728fd
NY/results_pgfa_rl_nyc_100,pgfa,pgfa,NY,100,full,97,1152,410063,bcc6aadd12982a2adf1059436e2b57c912241e04b09a627090b7c410a56fc076,85ca4162d0aec01007625c6dd34692a4f7187c151b04c3d70fe3d653c46be579,50a63fe61fc5fe6b1699cbb20b9d1cd0e7698a57fb6fa90890d295f4abd729c5
NY/results_pgfa_rl_nyc_33,pgfa,pgfa,NY,33,full,97,1152,410063,bcc6aadd12982a2adf1059436e2b57c912241e04b09a627090b7c410a56fc076,e2415d1f6f5b541a584526886029deaea6c02331ac5da79d88d8c5c4bbc262e3,e8e63184a59081c968ab8e6738b5830f9d09ded155f15181eff86e9c9aec47bd
NY/results_pgfa_rl_nyc_66,pgfa,pgfa,NY,66,full,97,1152,410063,bcc6aadd12982a2adf1059436e2b57c912241e04b09a627090b7c410a56fc076,cf0a83a5725eda4faf04f8aabdeed81401e40e5537d3b1d1647ea2283ee2b3cc,15ac2e272c43f50fd18c30aacb0be4aac96ca8581ba9d52417746043f7291c68
